Date,DD,M,K,FOR,G,TSLA,SP500
1/1/19 0:00,-0.010586436,0.987802684,0,-0.123711939,0,0.921156367,-0.052645954
1/2/19 0:00,-0.258225398,0.210839654,0.330238896,-0.203500808,0.823750079,-0.20508073,-0.138658106
1/3/19 0:00,-0.031144208,-0.682587318,-0.187091252,-0.181698632,0.317666928,-0.451732629,0.535220617
1/4/19 0:00,-0.075074134,-0.087858604,-0.182805666,-0.111265379,0,-0.017798706,0
1/5/19 0:00,-0.134762568,0,0,-0.097088783,0,0.095640653,0
1/6/19 0:00,0.087400506,0,-0.481374919,-0.120677147,0,-0.038517699,-0.795880392
1/7/19 0:00,-0.264229808,0.034821666,0,-0.136497097,0,-0.03668178,0
1/8/19 0:00,-0.377373283,0,-0.458615802,-0.108621327,0,0.16092713,-0.999900877
1/9/19 0:00,-0.301707975,0,-0.533976014,-0.096169393,-0.359941627,-0.026738331,0
1/10/19 0:00,-0.374779722,-0.198662086,-0.997382343,-0.159109112,0.988336623,-0.165030324,0
1/11/19 0:00,0.079539064,-0.050297966,0.142619115,-0.06771385,-0.704012724,-0.004968049,-0.051359663
1/12/19 0:00,0.181451619,-0.269055555,0,-0.101008312,0,-0.33235561,0
1/13/19 0:00,-0.320901473,0.404519681,0.990509927,-0.065434699,0,-0.997485876,0
1/14/19 0:00,-0.329320701,0.179423784,-0.582662616,-0.040717735,-0.033836576,0.354242682,0
1/15/19 0:00,-0.479455332,0,0,-0.084592637,-0.037556741,0.332964778,0
1/16/19 0:00,-0.22379969,0.172965005,0.309092244,-0.119343291,-0.001886551,0,0
1/17/19 0:00,-0.427790058,-0.063864322,0.546399643,-0.032004088,0,-0.063787412,-0.008955777
1/18/19 0:00,-0.243799001,0.004999506,0.270047926,-0.164889343,-0.238747704,-0.048568274,0
1/19/19 0:00,-0.337822239,-0.841700822,0,-0.11038932,0,-0.133271098,0
1/20/19 0:00,0.003745988,0,0,-0.07764965,0,-0.074069575,0
1/21/19 0:00,-0.495838612,0.224474208,0.182461283,-0.044740624,0.864738261,0.996197104,-0.029610664
1/22/19 0:00,0.019636574,0,0.026027888,-0.108642825,0.875632346,-0.143204231,0.208903273
1/23/19 0:00,-0.202742484,0.989755857,0.38239388,-0.045053206,0,-0.054356135,0
1/24/19 0:00,-0.097614979,0.061222697,-0.984488755,-0.11505858,0.695230312,-0.032169762,-0.555234854
1/25/19 0:00,-0.496889858,0.530095965,-0.715596131,-0.119905261,0,-0.17981377,-0.98325187
1/26/19 0:00,0,0.377020334,-1.12E-05,-0.036674297,0,0.371013954,0
1/27/19 0:00,-0.241083384,0,-0.233328813,-0.047398331,0,-0.045504689,0
1/28/19 0:00,-0.296559621,-0.686090636,-0.579505395,0.00337526,0.521938899,-0.029683615,-0.001200169
1/29/19 0:00,-0.444970019,0.081992299,0,-0.161086435,-0.38496844,-0.078410455,0.911503971
1/30/19 0:00,-0.365309391,0.115434766,0,-0.057171253,-0.147222961,0.166585226,0
1/31/19 0:00,-0.105860976,0,-0.018581468,-0.086675729,-0.999897122,-0.04878344,-0.004058853
2/1/19 0:00,-0.169077916,-0.084170379,-0.71408534,-0.015142031,0,0.057253925,0
2/2/19 0:00,0.893143326,0,0,-0.124329627,0,0.025972262,0
2/3/19 0:00,-0.156857915,0,0.043535539,-0.095338407,0,0.78226155,0
2/4/19 0:00,0.082925719,0,0,-0.129746228,0,-0.290233592,0
2/5/19 0:00,-0.238694659,-0.022137573,0.198921226,-0.102462448,0.180244148,-0.053107776,0
2/6/19 0:00,0.037866542,0,0,-0.005428336,0,0.112757045,0
2/7/19 0:00,-0.122649161,0.147262258,0.042072134,-0.028984847,0,0.395710826,0
2/8/19 0:00,-0.350270733,-0.274302808,-0.00068289,-0.048222032,0.104126711,-0.892810404,-0.376978452
2/9/19 0:00,0.805791616,0,0,-0.051987854,0,0,0
2/10/19 0:00,0.17489442,-0.080280097,0,-0.138638656,0,0.311746379,-0.375515476
2/11/19 0:00,-0.475085482,0,0.087059991,-0.01783774,0,-0.085225392,0
2/12/19 0:00,-0.464473558,0.16003708,0.456015706,-0.060530532,0.961076796,0.144835687,-0.30765066
2/13/19 0:00,-0.277103721,0.062585975,-0.382955042,-0.066385685,0,0.491619414,0
2/14/19 0:00,0.031095259,0,0.081296119,-0.139416083,0,-0.105287697,0
2/15/19 0:00,-0.088482429,-0.336491903,0,-0.059174175,0,0,0.158310652
2/16/19 0:00,0.105432454,0.849248528,-0.047030825,-0.080979974,0.344145016,-0.117745503,0
2/17/19 0:00,-0.18877508,0,0.028146615,-0.122708672,0,0,0
2/18/19 0:00,-0.257094461,0,0,-0.129676277,0,-0.146008438,-0.463623518
2/19/19 0:00,-0.312700962,-0.123381451,0,-0.03990639,-0.452809297,0.257264554,0.167021438
2/20/19 0:00,-0.11964123,0,0.220991767,-0.063557278,0,0.00796185,0
2/21/19 0:00,-0.345757816,0.473125115,0.001690596,-0.0057276,-0.223046404,-0.082750767,0
2/22/19 0:00,-0.499152161,-0.98836875,0.152607754,-0.070850613,0,0.00567734,-0.014911845
2/23/19 0:00,-0.136603775,-0.027869308,-0.30538126,-0.079205056,0.655174017,-0.60409459,0
2/24/19 0:00,-0.042231008,-0.448146783,-0.498664424,-0.105319705,0.656461179,0.99471575,0
2/25/19 0:00,-0.041013057,-0.014728018,-0.655572832,0.006835911,0,-0.464419773,0.213185688
2/26/19 0:00,-0.123966171,-0.001045093,0,-0.093675978,0,-0.048788917,0
2/27/19 0:00,-0.068462872,-0.06112284,0,-0.116287343,0,-0.074817526,0
2/28/19 0:00,0.07940218,-0.044800801,0,-0.03964231,0,-0.011603436,0
3/1/19 0:00,-0.424561277,-0.056986213,-0.056986213,-0.084849567,-0.056986213,-0.107406173,0
3/2/19 0:00,-0.428363771,-0.46808027,-0.38688999,-0.059571727,0,-0.384026037,-0.328387514
3/3/19 0:00,-0.250548005,-0.986753464,0,-0.140429324,0,0.060210937,0
3/4/19 0:00,0.054456922,0.033193222,-0.340965397,-0.078431463,0.083752184,-0.128075361,-0.368381398
3/5/19 0:00,-0.095689001,0,0,-0.260367589,0,-0.605419983,-0.997281114
3/6/19 0:00,-0.190579414,0.009187322,0,-0.113623719,0,-0.384100056,0
3/7/19 0:00,-0.545955943,0,0,-0.076875458,0,-0.380626732,-0.010916422
3/8/19 0:00,-0.177924135,-0.998899698,-0.791088611,-0.174628949,0,-0.198584994,0
3/9/19 0:00,-0.996454179,0,0.752775908,-0.075102426,0,-0.217678457,0
3/10/19 0:00,-0.311890761,-0.506982735,-0.015194029,-0.146724804,0,-0.191620908,0.165545499
3/11/19 0:00,-0.002331392,0.262571136,-0.09077064,-0.116820685,0,-0.068449482,0.532427752
3/12/19 0:00,-0.340782536,-0.066717988,0.116276601,-0.098128449,0,-0.104551983,0.211812865
3/13/19 0:00,-0.181096539,-0.300194853,-0.214939333,-0.152291915,0,-0.111289844,-0.211433503
3/14/19 0:00,-0.065348299,0.139584164,-0.019186378,-0.236001741,-0.095642682,-0.32240354,0
3/15/19 0:00,-0.146190731,-0.002907517,-0.13508302,-0.140235098,0,-0.14900051,0
3/16/19 0:00,-0.040868407,-0.017979339,-0.225125071,-0.105711891,-0.225125071,0,0.412282191
3/17/19 0:00,-0.324479898,-0.910577476,0,-0.203668941,0,-0.964419782,0
3/18/19 0:00,-0.200156226,0,-0.010887685,-0.218745265,0,-0.706696915,0
3/19/19 0:00,-0.243156905,-0.075625267,-0.103504215,-0.248603089,0,-0.182592257,0
3/20/19 0:00,-0.33849978,-0.001777647,0.620689972,-0.269977268,-0.52904278,-0.393707058,0
3/21/19 0:00,-0.473509644,-0.223267261,-0.413397948,-0.277772192,0.18550387,-0.436363538,0
3/22/19 0:00,-0.165177826,0,-0.108651198,-0.166845042,0,-0.132134342,-0.34193477
3/23/19 0:00,-0.203601365,0,-0.240397647,-0.138202964,0,0,0
3/24/19 0:00,-0.267442801,0,0,-0.050665212,0,-0.83018142,0
3/25/19 0:00,0.016303705,0,0,-0.132192099,0,0.01360403,-0.998478889
3/26/19 0:00,-0.231026879,0,-0.026910186,-0.10707122,-0.120418215,-0.061783558,0
3/27/19 0:00,-0.276914018,-0.520154875,0.528708935,-0.107543124,-0.201154813,0.020318483,0.490990803
3/28/19 0:00,-0.300547207,0,0.390797954,-0.025461191,0,-0.004202299,-0.475739665
3/29/19 0:00,0.015056334,0,0.079088517,-0.024341985,0,-0.892303675,0
3/30/19 0:00,0.164442703,-0.226038411,0,-0.107295171,0.293851018,-0.486009635,0
3/31/19 0:00,-0.006034879,0.330120405,0,-0.056615862,-0.99433291,0.084000755,0
4/1/19 0:00,-0.338360424,0.027604531,-0.031956043,-0.076660387,0,-0.189889299,0.053675388
4/2/19 0:00,-0.022813472,-0.053604258,0,-0.083108649,0,-0.238435733,-0.005632102
4/3/19 0:00,-0.330012803,-0.516335865,-0.294292291,-0.091078097,0.048547093,-0.226618038,0
4/4/19 0:00,-0.099714106,-0.012879455,-0.184318831,-0.13947668,0,-0.241867381,0
4/5/19 0:00,-0.524480909,0.050564475,0.095409461,-0.12370082,0,-0.070603509,0
4/6/19 0:00,0.008190997,0.335160172,-0.151150355,-0.042200836,0,-0.019327931,0
4/7/19 0:00,-0.285253601,0,-0.21589855,-0.092372666,-0.925262719,-0.28788391,0.107319454
4/8/19 0:00,-0.325267163,-0.2478351,0,-0.168064819,-0.159059894,-0.96928069,0
4/9/19 0:00,-0.121886274,0.479844086,0,-0.219275687,0,-0.129531803,-0.279454816
4/10/19 0:00,0.176633995,0.601736808,0.505028801,-0.050397748,-0.809141445,-0.608668101,0
4/11/19 0:00,-0.101869926,-0.122340764,0.148752964,-0.089732576,-0.026037775,-0.028002877,0
4/12/19 0:00,-0.349185756,-0.467732191,-0.788390279,-0.048886167,0.147903791,-0.080506932,-0.135883892
4/13/19 0:00,-0.203226107,-0.068714751,0,-0.097821642,-0.971817434,0.280018719,-0.068714762
4/14/19 0:00,-0.258423142,0.515160012,0,-0.198235359,0,0.396349858,0
4/15/19 0:00,-0.234419346,-0.285016466,0.070553199,-0.090084819,-0.034335259,-0.023751618,-0.404930106
4/16/19 0:00,0.151624861,0.139160629,0,0.028706911,0,0.232860903,-0.307404006
4/17/19 0:00,-0.237990177,0.177734874,0,-0.157986425,-0.016754124,-0.929136634,0
4/18/19 0:00,-0.25337675,0.111377903,-0.965560973,-0.092621271,0,-0.035245387,0
4/19/19 0:00,-0.271683158,-0.224307686,-0.43009043,-0.198675007,-0.251124943,-0.354527684,0
4/20/19 0:00,-0.13994953,-0.955127974,-0.818597198,-0.036165941,0,-0.035321656,0.111776416
4/21/19 0:00,-0.645829052,0.538640451,0,-0.136122979,0,0.125757724,0
4/22/19 0:00,-0.228419615,0,-0.62110981,-0.156564576,0,-0.214214314,0
4/23/19 0:00,-0.275430817,-0.031816226,0.002253887,-0.098821027,0.192282975,-0.17911872,-0.59493953
4/24/19 0:00,-0.001810922,0,0.16303507,0.018438303,0,-0.045544594,-0.202494085
4/25/19 0:00,-0.166754234,-0.012181024,0.214485721,0.004519186,-0.078450471,0.114835665,-0.046502681
4/26/19 0:00,-0.296886363,-0.331638535,0,-0.13569801,0,-0.382777524,-0.997121781
4/27/19 0:00,-0.417965098,0,0,-0.127285417,0,-0.285905933,-0.229110849
4/28/19 0:00,-0.192414184,0,0,-0.050680151,0,0.288264434,0
4/29/19 0:00,-0.231949616,-0.081218366,-0.004508317,-0.162295634,0,-0.172652669,0
4/30/19 0:00,-0.002744533,-0.282583515,0,-0.114608576,0,-0.688673811,-0.831995308
5/1/19 0:00,-0.420659889,0,0,-0.15296811,0,-0.014834132,0
5/2/19 0:00,-0.248816518,0,-0.092079454,-0.12683343,0.095932086,-0.522386481,0.989636779
5/3/19 0:00,0.001373327,0.011404436,-0.329743107,-0.124037754,0,-0.381892874,0
5/4/19 0:00,0,0,0,-0.107425072,0,-0.804991531,0
5/5/19 0:00,-0.028484209,-0.221342206,-0.902850509,-0.181711612,0,-0.511880616,0
5/6/19 0:00,-0.288792267,0,-0.329457541,-0.122236099,0,-0.195094599,0
5/7/19 0:00,-0.129354151,-0.345082586,0,0,0,-0.248038156,0
5/8/19 0:00,-0.150369767,0.87952584,0,-0.133034549,0,-0.09540929,0
5/9/19 0:00,-0.155310952,0.102849444,-0.827551679,-0.159871793,0,0.011817291,0
5/10/19 0:00,-0.056006435,-0.145210414,-0.069192074,-0.183946689,-0.089056843,-0.314373526,0
5/11/19 0:00,0.214427512,-0.047515419,0,-0.102603878,0,-0.285750982,0
5/12/19 0:00,-0.249997214,0,0,-0.185267227,0,-0.934785128,0
5/13/19 0:00,-0.170133721,-0.163116872,-0.13548421,-0.218641908,-0.110551623,-0.279523595,-0.104724467
5/14/19 0:00,-0.339036526,0.948417564,0,-0.209320202,-0.156349013,-0.287706026,0
5/15/19 0:00,-0.461999393,0.067808122,0.129876536,-0.261107059,0.067808122,-0.135436103,0
5/16/19 0:00,-0.408679816,0.344199761,0,-0.095617647,0,-0.331164837,0
5/17/19 0:00,0.034621794,0.346736505,0,-0.143735853,0.171458125,-0.084156156,0
5/18/19 0:00,-0.239988609,0,-0.170898693,-0.077434532,0,-0.37763919,0
5/19/19 0:00,-0.567067373,0,0,-0.032468548,0,0.095675479,0
5/20/19 0:00,-0.194646808,-0.099508116,0,-0.186068911,0,-0.30100604,0
5/21/19 0:00,-0.19414595,-0.020965563,0,-0.22177765,0,-0.078673141,0
5/22/19 0:00,-0.320603938,0,-0.38163932,-0.055079094,0,0.065168625,0
5/23/19 0:00,-0.12199832,0.498458506,-0.395921037,-0.070604522,0,-0.24161926,-0.717658997
5/24/19 0:00,-0.473628464,0,0,-0.184299418,0,-0.288221257,-0.674801196
5/25/19 0:00,-0.079524019,0,0,-0.010402284,0,-0.612219413,0
5/26/19 0:00,-0.384246533,0.032715575,-0.209105485,-0.108860008,0,0,0
5/27/19 0:00,-0.015834725,0.200255133,0,-0.045539945,0,-0.483870894,0
5/28/19 0:00,-0.393783056,0,0,-0.061509139,0,-0.10187889,0
5/29/19 0:00,-0.351134222,-0.292018294,-0.522469112,-0.212107577,0,-0.186467362,0
5/30/19 0:00,-0.335639833,0,0,-0.100481134,0,0.074904242,0.014466354
5/31/19 0:00,-0.548385053,0,0.067368805,-0.166206962,-0.212155873,-0.222548835,0
6/1/19 0:00,-0.109590192,0.093465396,0,-0.113173187,-0.064384649,-0.041992623,-0.316935728
6/2/19 0:00,-0.398153935,0.200459313,0,-0.270614029,0.047617137,-0.241341194,0
6/3/19 0:00,-0.401953252,-0.988385081,0,-0.112062292,-0.136983926,-0.479933564,0
6/4/19 0:00,-0.374648965,0.240821834,0.734775484,-0.147990391,-0.664032438,-0.429013783,-0.674901997
6/5/19 0:00,-0.381372482,-0.037829397,-0.168521899,-0.06346929,0.143597805,-0.233184543,0
6/6/19 0:00,-0.049315155,0.388746704,-0.284199091,-0.107954532,0,-0.068887736,0
6/7/19 0:00,-0.109027704,0,-0.40415215,-0.145106184,0,0.265042226,-0.995080292
6/8/19 0:00,0.440892617,-0.055890739,0,-0.079440728,0,-0.176386013,-0.261144996
6/9/19 0:00,-0.310199001,0,0,-0.220516388,0.42816709,-0.977407902,0
6/10/19 0:00,-0.125086498,0,0,-0.111888603,-0.094082038,-0.015091464,0
6/11/19 0:00,-0.105416266,-0.103240825,-0.047218574,-0.051162011,-0.077180254,0.139506667,-0.279452432
6/12/19 0:00,-0.04297028,-0.300678924,0,-0.170439415,-0.300678924,-0.290883886,-0.497847348
6/13/19 0:00,-0.172458295,-0.082310686,0,-0.15055349,0.148190761,-0.052548081,0
6/14/19 0:00,-0.208526149,0,0,-0.042982772,-0.533590245,-0.383705431,0
6/15/19 0:00,-0.044221602,-0.068994669,-0.426911459,-0.075488731,0,-0.190636694,0
6/16/19 0:00,-0.199091743,0.388420233,0,-0.054033879,0.43486466,-0.440758467,-0.177780949
6/17/19 0:00,-0.291677429,-0.310693971,0.052734867,-0.115913628,-0.086042099,0.35343092,-0.254437685
6/18/19 0:00,-0.174880473,0.892322317,-0.139002472,-0.181282458,0.014121175,0.033052449,0
6/19/19 0:00,0.131839083,0.063028604,0,-0.022665581,-0.036062083,0.051840744,-0.660117039
6/20/19 0:00,-0.07669278,0,0.317235747,-0.006814253,0.326110668,-0.083725276,-0.992966533
6/21/19 0:00,-0.43491591,0,0,-0.203962409,0,-0.166956885,-0.99996388
6/22/19 0:00,-0.391479475,0.954002798,0.131985813,-0.052170626,-0.066668025,-0.465819933,0
6/23/19 0:00,0.022170146,-0.718540467,0,0.023256836,0,-0.13232906,0
6/24/19 0:00,-0.286218314,0.194541806,-0.83863734,-0.100363733,-0.190467099,-0.172744013,0.546328676
6/25/19 0:00,-0.178799221,-0.786387928,0,-0.122131877,0,-0.269211849,0
6/26/19 0:00,-0.005095302,0,0,-0.008885304,-0.853826682,-0.032442014,0
6/27/19 0:00,-0.070100187,0,-0.26773271,-0.084147649,0.091898213,-0.478198077,0
6/28/19 0:00,-0.199244934,0.46899602,0.011510089,-0.054008888,-0.019124985,-0.200395231,0
6/29/19 0:00,-0.283746767,-0.474770918,0.150325894,-0.07890609,-0.054946096,-0.050514823,0.308992565
6/30/19 0:00,-0.155936364,-0.99326096,-0.430205119,-0.22029222,-0.24309077,0.229641684,0
7/1/19 0:00,-0.18570895,-0.976982653,-0.475686036,-0.221351031,0.416782804,-0.365067045,0
7/2/19 0:00,-0.170238056,-0.996506482,0,0,0,-0.301369876,0
7/3/19 0:00,0.163435417,0,0.072026251,-0.089862798,0.029209533,-0.203718095,-0.960766534
7/4/19 0:00,-0.308228952,0.301961134,0.336363484,-0.217877483,0,-0.278775167,-0.073165366
7/5/19 0:00,-0.277977924,0.45673503,0.197124579,-0.221692473,0,-0.48047247,0.999678135
7/6/19 0:00,-0.180357665,-0.003717113,0,-0.081539512,0,-0.00648845,0
7/7/19 0:00,-0.045885111,0,-0.194378495,-0.099279352,0.013895754,0.180619398,0
7/8/19 0:00,-0.295183141,0,0.549629447,-0.178700875,-0.400201328,-0.19449704,0
7/9/19 0:00,-0.086531071,0.075078806,0.114118453,-0.114296771,0,0.087110636,0
7/10/19 0:00,0.150824403,0,0,-0.161231714,0,-0.001901692,0
7/11/19 0:00,-0.210847738,-0.045788158,0,-0.08841534,0.671370089,-0.229835904,0.990950376
7/12/19 0:00,-0.354835629,-0.53885318,0,-0.101062957,0.384776124,0.028715266,0.080822617
7/13/19 0:00,0.043942332,0.232484518,0,0.076452862,0,-0.886969864,0
7/14/19 0:00,-0.618438207,0.130061407,0.041660358,-0.185632386,0.041660358,-0.26587628,0.274084161
7/15/19 0:00,-0.265574966,0,0,-0.041437079,0,0.044245432,0
7/16/19 0:00,-0.214239706,-0.167901911,-0.406660636,-0.130388961,0,-0.36730228,0
7/17/19 0:00,-2.73E-05,0,-0.716281122,-0.003515357,0,0.106721773,0
7/18/19 0:00,-0.503948703,0.084126055,0.255830471,-0.136521146,0,-0.200312835,-0.999114901
7/19/19 0:00,-0.282012459,0,-0.532434452,-0.14734998,0,-0.24221578,0
7/20/19 0:00,-0.059211774,-0.111977355,0,-0.116749063,-0.586165726,-0.115137048,0
7/21/19 0:00,-0.130778559,0,-0.649311209,-0.162576832,0.208538485,-0.566100273,0
7/22/19 0:00,-0.180630231,0,-0.482512052,-0.160594286,0,-0.289640458,-0.129979024
7/23/19 0:00,-0.368754672,0,0,-0.118991701,0,-0.279937768,0
7/24/19 0:00,-0.233802515,-0.670854451,0,-0.208716308,-0.814824919,-0.213011679,0
7/25/19 0:00,-0.20476442,0,0,-0.135798065,0,-0.009828635,0.000904709
7/26/19 0:00,-0.145430114,0,0.33605135,-0.139802066,0,-0.555077652,0
7/27/19 0:00,-0.430159502,0.172777169,0,-0.065711313,0,0.807972729,0
7/28/19 0:00,-0.146812856,0,0,-0.110040947,0,0.061784781,-0.332361903
7/29/19 0:00,-0.222081405,-0.206753433,0.874007463,-0.102914448,0.078417242,0.002872251,0
7/30/19 0:00,-0.319139824,0,-0.720459742,-0.187008393,-0.364923537,-0.383157351,0
7/31/19 0:00,-0.529549572,0,-0.394829889,-0.14757673,-0.289595442,0.032472109,0
8/1/19 0:00,-0.172289501,0.438565274,-0.107584026,-0.183036542,0,0.042454004,-0.081037334
8/2/19 0:00,-0.297585987,-0.294190219,-0.384993725,-0.182587726,0,0,0
8/3/19 0:00,0.311913114,-0.444265885,0,-0.166867922,0,-0.458457336,0
8/4/19 0:00,-0.141934344,0,-0.213938872,-0.128224752,-0.037022769,-0.378376751,0
8/5/19 0:00,-0.202629238,0,-0.908387562,-0.251627397,0,-0.648999701,-0.045219243
8/6/19 0:00,-0.313370394,-0.219070327,0.462573015,-0.157337683,-0.437276217,0.297189752,-0.434017948
8/7/19 0:00,-0.240868023,-0.327686846,0.721625806,-0.087940293,0,-0.795744956,0
8/8/19 0:00,-0.257611528,0,0,-0.205093291,0,0.016748369,-0.01320748
8/9/19 0:00,-0.328030954,0.054957147,0.548932353,-0.187297968,0,-0.631415908,0
8/10/19 0:00,0.026627244,-0.221521169,0,-0.09254586,0,-0.999018669,0
8/11/19 0:00,-0.044180762,0,-0.999945819,-0.074895093,0,0,0
8/12/19 0:00,-0.022693686,-0.25449656,-0.324286378,-0.185911173,0,-0.248842552,0
8/13/19 0:00,-0.076551667,0.117781401,0,-0.174406972,0.212318902,-0.660156635,0
8/14/19 0:00,-0.192057077,0.014690611,-0.534414499,-0.213488917,0,-0.444743214,0.125681266
8/15/19 0:00,-0.232722624,-0.143491218,-0.380222704,-0.171534566,0,0.248420694,0.198449676
8/16/19 0:00,-0.119126708,0,-0.315497853,-0.309067751,0,-0.894631267,-0.440683186
8/17/19 0:00,-0.05184256,0.315923074,-0.023757832,-0.09412522,0,-0.985746562,0.390666172
8/18/19 0:00,-0.181065126,0.372439755,0,-0.246504659,0,-0.129440745,-0.007411271
8/19/19 0:00,-0.163038095,0.039183662,0.228576586,-0.157756659,-0.396061139,0.080426816,0
8/20/19 0:00,-0.248641345,0,-0.214797096,-0.174278008,-0.098026211,0.008802084,-0.939286854
8/21/19 0:00,-0.170820886,0.256805165,0.940895677,0,0,-0.048965782,0
8/22/19 0:00,-0.14354282,-0.186337233,0.086432389,-0.153506975,0,-0.241181978,0
8/23/19 0:00,-0.380781834,0.099264939,-0.182863606,-0.152613968,-0.71488142,-0.113214064,0
8/24/19 0:00,-0.289776008,0,0,-0.206802864,-0.195409675,-0.287764413,0
8/25/19 0:00,-0.243080588,0,-0.002564937,-0.169888039,-0.264613308,0,0
8/26/19 0:00,-0.359496027,0,-0.788390279,-0.241712579,0,-0.529364929,0
8/27/19 0:00,-0.360673024,0.036006758,-0.483219768,-0.07489944,0,0,0.086273832
8/28/19 0:00,-0.056549557,0.010815205,0,-0.049245336,-0.790553674,0,0
8/29/19 0:00,-0.494335499,0.015579191,-0.440164769,-0.053953737,0.061613328,-0.129939313,0
8/30/19 0:00,0.119146049,0.212770474,0.100257752,-0.04049924,0,0.184817702,0
8/31/19 0:00,-0.00078973,0,0.990671158,-0.068202516,0,-0.124293682,0
9/1/19 0:00,-0.202033384,0,0,-0.200399447,0,-0.997758309,0
9/2/19 0:00,-0.403903671,0,0,-0.207759042,0,-0.542306357,-0.078641633
9/3/19 0:00,-0.109876471,0.052342175,0,-0.035992506,0,-0.077548248,0.052993493
9/4/19 0:00,0.012668064,-0.989695132,-0.398154625,-0.062200416,0,0,0
9/5/19 0:00,-0.241254633,0.040239118,0,-0.241056856,-0.326389068,0,-0.963479936
9/6/19 0:00,-0.614619276,0.035754198,0,-0.142826564,0.054446058,-0.157200078,0
9/7/19 0:00,-0.349411813,0.228437107,-0.140366648,-0.050117072,0,-0.999314547,-0.280836474
9/8/19 0:00,-0.455114202,-0.405626041,-0.130324101,-0.128884988,-0.130324101,0,-0.301551849
9/9/19 0:00,-0.148567065,0.117967423,0,-0.127309742,0,0.000302024,0
9/10/19 0:00,-0.185153944,0.165601351,-0.378163153,-0.067174509,0,-0.032209054,0
9/11/19 0:00,-0.116444844,0.016984474,0,-0.119001889,0,-0.808495551,-0.322821545
9/12/19 0:00,-0.109929452,0.004767262,0,-0.097158514,0,0.763101031,-0.993622363
9/13/19 0:00,-0.315480512,0.053694762,-0.313266338,-0.170235421,-0.917003632,-0.999165416,-0.165650845
9/14/19 0:00,-0.231803025,0,0,-0.089750828,-0.979791701,0,0
9/15/19 0:00,-0.46141192,0,0,-0.178003888,0,0,0
9/16/19 0:00,-0.501214898,-0.004877104,-0.004877104,0,0,0.038699858,-0.481575623
9/17/19 0:00,-0.191070397,0.035093303,0.061285083,-0.109988916,0,-0.39969363,0
9/18/19 0:00,-0.549840234,0.149446989,0,-0.000351619,0,-0.454944719,-0.805708408
9/19/19 0:00,-0.355573238,0.070587721,0,-0.107258473,0,0.085474097,0
9/20/19 0:00,-0.223702061,-0.059812336,0,-0.065390841,0,-0.307432544,-0.235788932
9/21/19 0:00,-0.281112055,0,0.303536673,-0.103008975,-0.621533364,-0.414956172,0
9/22/19 0:00,-0.046521436,0,-0.269555777,-0.161503795,-0.424107353,0.203412965,0
9/23/19 0:00,-0.122156071,-0.030104186,0,-0.137049921,0.086498705,0,0.173048973
9/24/19 0:00,-0.146537892,0.056107028,0,-0.138612722,0,0.393681481,0
9/25/19 0:00,-0.283957001,0.068259773,0,-0.150150516,0.918420315,-0.492377027,0
9/26/19 0:00,-0.029188417,0.059329002,0.39366735,-0.020755574,0.525847157,-0.530037342,0
9/27/19 0:00,0.017459442,0.212532398,0,0.023568177,0,0.613822079,0
9/28/19 0:00,-0.291194613,0,-0.123723104,-0.154333331,-0.513798243,0,0
9/29/19 0:00,-0.160133734,0.025798798,0,-0.157450488,0,0,0
9/30/19 0:00,-0.154265008,0.186629912,0,-0.006940798,-0.187684153,-0.350846519,0
10/1/19 0:00,0,0.181819532,-0.128731932,-0.018962179,-0.36656031,-0.31961294,0.069321081
10/2/19 0:00,-0.395512175,0.149394108,0,-0.163690403,0,-0.489478371,0
10/3/19 0:00,-0.052694687,0.00728968,-0.004512712,-0.048478227,0.025261849,0.022590407,-0.556385343
10/4/19 0:00,-0.402523518,0.040468409,0,-0.125941074,0,-0.985099494,0
10/5/19 0:00,-0.590791956,0,0,-0.122261203,0,-0.32398152,-0.87945874
10/6/19 0:00,-0.260935174,0,-0.015649587,-0.171205684,0,-0.072827911,0
10/7/19 0:00,-0.217177911,0.087471331,-0.980531982,-0.096027943,0,0.436167791,0
10/8/19 0:00,-0.554254242,0.072729052,0.430875262,-0.05794437,0.13890883,-0.481910057,-0.01740698
10/9/19 0:00,-0.243227052,0.0758423,0.190732542,-0.090357331,0,-0.476229599,0.070137214
10/10/19 0:00,-0.107540136,0.101983823,0.331857164,-0.075961595,0,-0.664727904,0
10/11/19 0:00,-0.581019613,0.185096993,0.999232292,-0.106266618,-0.436095579,-0.583697766,-0.571110141
10/12/19 0:00,0.062619393,0,-0.059876422,-0.13777245,0.593321258,0,0
10/13/19 0:00,-0.124368152,0,0,-0.198110952,0,-0.759439558,0
10/14/19 0:00,-0.129850859,0.01786854,-0.0711191,-0.112314849,-0.124819696,-0.449340864,0
10/15/19 0:00,-0.249497881,0.13802172,0.592329534,-0.026127198,0,0.248702579,0.264015868
10/16/19 0:00,0.041327253,0.116564502,-0.067009827,-0.072709011,0,0.013853818,0
10/17/19 0:00,0.037640215,-0.010809318,0.117157112,-0.100751022,0,-0.067089466,-0.997737646
10/18/19 0:00,-0.396489762,0.014232326,0.407402047,-0.086843866,0,-0.4858962,0
10/19/19 0:00,-0.530509039,0.001769629,-0.088317716,-0.090830949,0,-0.010122496,-0.041933607
10/20/19 0:00,-0.223988004,0,-0.998408258,0.005209453,0,-0.603169835,0
10/21/19 0:00,-0.251526403,-0.564727724,0.062758457,-0.162260478,-0.687381651,-0.312866675,0
10/22/19 0:00,-0.335553988,0.078785791,0,-0.081069154,-0.996810883,0.078411735,-0.801246703
10/23/19 0:00,-0.185780592,-0.034153793,-0.513348237,-0.135913238,0,-0.086551059,0
10/24/19 0:00,-0.240022758,0.110344993,0.116503059,-0.078471147,0,0.017733425,0
10/25/19 0:00,0.037386556,0.007929741,0.495308658,-0.039415116,0.564017586,-0.000386474,-0.938708474
10/26/19 0:00,0.024348466,0.0251486,0,-0.100637205,-0.328797643,0.002289525,0
10/27/19 0:00,-0.140683294,0.499290979,-0.239033317,-0.181665108,0,-0.188490443,-0.207973659
10/28/19 0:00,-0.009414169,0.050163908,-0.544607942,-0.172054048,0,0.022854902,0
10/29/19 0:00,-0.055536148,0.013350648,-0.42662563,-0.129490092,-0.659303089,0.260882399,-0.396327674
10/30/19 0:00,0.084849147,0.084166706,-0.105159475,-0.070627093,-0.912675887,-0.08374832,0.322803994
10/31/19 0:00,0.222938759,0.245949979,0.158703438,-0.02174526,0,0.094007985,0
11/1/19 0:00,0.07813889,0.104054414,0,-0.066065796,0.082838965,-0.226464201,0
11/2/19 0:00,-0.055949047,0,0,-0.129187627,0,-0.304250995,0
11/3/19 0:00,0.032770429,-0.616869956,-0.171961768,-0.112674272,0,0.376433696,0.005283475
11/4/19 0:00,-0.134392501,0.221592484,0.246079259,-0.086270203,-0.488735696,0.241169486,-0.322954362
11/5/19 0:00,-0.217081409,0.096270786,0.078685898,-0.109578956,0.225084722,-0.273139322,0
11/6/19 0:00,-0.427293823,0,-0.386534308,0,0,-0.332202872,0.04379646
11/7/19 0:00,-0.174634739,0.975645751,-0.084605396,-0.246365057,-0.174563563,-0.087274089,0
11/8/19 0:00,-0.303438162,0,0.305583229,-0.182840356,0,-0.955470115,-0.644018757
11/9/19 0:00,-0.540363467,0,-0.292201528,-0.111709685,0,0.140267233,0
11/10/19 0:00,-0.336010201,0,0,-0.116131178,0,-0.770020276,0
11/11/19 0:00,-0.225442438,-0.054664677,0,-0.069360793,0,-0.334519009,0
11/12/19 0:00,0.053131906,-0.129950115,-0.332130094,-0.117438361,0.17128477,0.032949889,-0.265520573
11/13/19 0:00,-0.336831895,0,0,-0.197975316,0,-0.224487414,-0.029782388
11/14/19 0:00,-0.318571969,-0.722477714,0.60201632,-0.183311787,0,-0.202267731,-0.213355609
11/15/19 0:00,-0.483941086,0,0.596854759,-0.150400247,0.085498941,-0.38088515,-0.832915545
11/16/19 0:00,-0.243161681,-0.05346673,0.256383701,-0.100275447,-0.05346673,-0.469410002,0
11/17/19 0:00,-0.545783427,-0.499314114,0.114414815,0.00227232,0,-0.954096913,0.128061295
11/18/19 0:00,-0.222187097,-0.303072818,-0.235251887,-0.157379444,0,-0.275059694,0
11/19/19 0:00,-0.084390644,0.02981634,-0.998092155,0,-0.967686206,-0.05003372,-0.344649474
11/20/19 0:00,-0.220984411,0.204277221,-0.112199204,-0.187502654,0,-0.432306659,0
11/21/19 0:00,-0.471151322,-0.086557344,0.501341319,-0.199540734,0,0.138688564,0.028273152
11/22/19 0:00,-0.195962758,-0.357888128,0,-0.096898737,0,-0.173451179,-0.484906983
11/23/19 0:00,-0.303918605,0.045153421,0,-0.053916184,-0.374343034,-0.21276587,0
11/24/19 0:00,0.050921719,0,0,-0.109970123,0,0.096107264,0.134516358
11/25/19 0:00,-0.281948884,-0.353601638,-0.371668012,-0.170011982,-0.36144635,0.152899639,0
11/26/19 0:00,-0.061275812,-0.042680718,0,-0.193662534,0,-0.433916282,0
11/27/19 0:00,-0.194394433,0.400732659,-0.858098328,-0.21172173,-0.329991456,-0.138842508,0
11/28/19 0:00,-0.086343836,0,0,-0.080971127,0,-0.041943455,-0.997080863
11/29/19 0:00,-0.175975923,0.391874835,0.391874835,-0.121413357,0.756165287,0.039122564,0
11/30/19 0:00,0.074829823,0,-0.546309074,0.005837367,0,-0.026250509,0
12/1/19 0:00,-0.316077566,0,0,-0.166733629,0,-0.424614184,0
12/2/19 0:00,-0.063488193,0,0,-0.146149101,0,-0.243873489,0
12/3/19 0:00,-0.477171994,-0.607347071,-0.229101046,-0.139140578,0,-0.266192847,-0.659256773
12/4/19 0:00,-0.255944751,-0.038185596,0.422594587,-0.112716463,-0.259461395,-0.326507859,-0.676838597
12/5/19 0:00,-0.133397646,0.321237862,0.17225307,-0.154752104,-0.002836903,-0.404652205,0
12/6/19 0:00,-0.117778917,0,-0.606520557,-0.100696001,-0.041220393,0.115042999,0
12/7/19 0:00,-0.141358272,-0.226662981,-0.354739692,-0.089085082,0,-0.012614909,0
12/8/19 0:00,0.31109267,0,0.001247038,-0.135968338,0,0.422687829,0.997229874
12/9/19 0:00,-0.230051782,-0.659645329,0,-0.133915342,0,0.116497114,0
12/10/19 0:00,-0.136346296,-0.257121742,-0.932066321,-0.14998868,0.923371822,-0.082129478,0
12/11/19 0:00,-0.35650663,-0.655293534,0.355307829,-0.147174635,-0.855927741,0.110087168,0.073769374
12/12/19 0:00,-0.547411868,0.048936534,0,-0.166876096,0,-0.031984025,0
12/13/19 0:00,-0.184765788,0.042769895,-0.822317466,-0.136661268,0,-0.637512813,0
12/14/19 0:00,-0.067147914,0,0,-0.207954032,0,-0.065566549,0
12/15/19 0:00,-0.083552211,0,0,-0.082887748,0,-0.083395776,0
12/16/19 0:00,-0.238177076,-0.160286637,-0.797937632,-0.204527047,0,-0.414256522,-0.269565706
12/17/19 0:00,-0.234627616,0.229035687,-0.988933365,-0.14406504,0,0.209210839,0
12/18/19 0:00,-0.193233973,-0.338616262,0.211644393,-0.13961186,-0.367800537,-0.165402585,-0.348692815
12/19/19 0:00,-0.356012432,-0.357352886,-0.103164347,-0.151798613,0.608660638,-0.328055285,-0.829636574
12/20/19 0:00,-0.239872389,-0.314389598,0,-0.173929767,0,-0.153794872,-0.979336143
12/21/19 0:00,-0.16602186,0,-0.204572809,-0.091285084,-0.52904278,0.018348076,0
12/22/19 0:00,-0.295598559,-0.323035711,0,-0.127545614,0,-0.385322303,0
12/23/19 0:00,0.024941112,-0.156426787,-0.998991609,-0.025167297,0,-0.023458891,-0.186721013
12/24/19 0:00,0.011449967,0,0.353159619,-0.021020329,0,-0.016056518,0
12/25/19 0:00,-0.091510129,0.046526596,-0.660555959,-0.091531235,-0.235883615,-0.143127384,0
12/26/19 0:00,-0.118246361,0.385510539,-0.240404315,-0.088449548,-0.274197676,0.110687993,-0.16436298
12/27/19 0:00,-0.513306312,0.128882734,-0.213552495,-0.070010324,0,0.182933783,0
12/28/19 0:00,-0.394818395,0.291954454,0.12249921,-0.163356605,0,-0.209322181,0
12/29/19 0:00,-0.365900948,0,0,-0.148770663,0,-0.157748955,0
12/30/19 0:00,-0.334642786,-0.016269177,-0.273570456,-0.14093637,0,-0.487411902,-0.689671389
12/31/19 0:00,-0.285574332,-0.160231658,0,-0.094129083,-0.036771529,-0.04776318,0
1/1/20 0:00,0.223766007,-0.100887131,-0.896309805,-0.074255642,0,0.066916547,0.016362398
1/2/20 0:00,0,-0.451898866,0,-0.062881104,0,0.045935844,-0.116162133
1/3/20 0:00,-0.996563256,0,-0.107808203,0,0,-0.185511361,-0.443262654
1/4/20 0:00,-0.016882896,0,0,0,0,0.101643384,-0.600606491
1/5/20 0:00,0,-0.295429409,-0.368200081,0,0,-0.224389575,0
1/6/20 0:00,-0.237828589,-0.102901937,-0.881355306,-0.118933388,0,-0.240299651,0.241613088
1/7/20 0:00,0.515537113,-0.202742866,0,-0.118717645,0,-0.257579217,0
1/8/20 0:00,-0.038603487,-0.473907118,-0.256084898,-0.206985221,-0.025594197,-0.13740312,-0.674004599
1/9/20 0:00,0.325872191,-0.189884773,0.428727664,-0.136499692,0,-0.112797983,-0.094599625
1/10/20 0:00,-0.017993812,-0.065217727,0.380157186,-0.079108281,0.014763081,-0.238778492,-0.207205423
1/11/20 0:00,-0.080538687,-0.415974331,-0.078637642,-0.109599368,0.37081098,-0.290059058,-0.314379176
1/12/20 0:00,-0.566188559,-0.253469355,0,-0.185525461,0,-0.470788642,0
1/13/20 0:00,0.264674874,-0.206601502,-0.015486807,-0.139967987,0,-0.173908708,-0.998535335
1/14/20 0:00,0.055714907,-0.014944753,-0.020447814,-0.10921013,-0.068306863,-0.225765456,-0.380100317
1/15/20 0:00,-0.123209107,-0.333029475,0,-0.175332621,0,-0.218494619,-0.31390214
1/16/20 0:00,0.174012533,-0.104616169,-0.984624654,-0.096879914,-0.107396185,-0.167285154,-0.952924232
1/17/20 0:00,-0.369758049,-0.299180464,-0.108678983,-0.107409056,-0.099262849,-0.321183293,0
1/18/20 0:00,0.057449202,-0.526135927,-0.240562502,-0.09567384,-0.169719332,-0.093718154,0
1/19/20 0:00,0.07982311,-0.169204369,0.453917372,-0.101308411,0,-0.316447846,-0.086377924
1/20/20 0:00,0,0.039181162,-0.514956743,-0.176659484,0,-0.314077237,0.068110659
1/21/20 0:00,0,-0.34070476,-0.51317662,-0.082204408,0,-0.20135692,0
1/22/20 0:00,0.023655255,-0.087657847,-0.28736638,-0.143453051,0,-0.172025249,-0.491427556
1/23/20 0:00,-0.106569512,-0.181282528,0.192586087,-0.230533498,-0.197139674,-0.345376954,-0.505884096
1/24/20 0:00,-0.236391717,-0.207441439,0.307753354,-0.106056848,-0.84783186,-0.223344789,0
1/25/20 0:00,-0.08586296,-0.356211064,-0.367405484,-0.11003158,0,-0.040209588,0
1/26/20 0:00,0,-0.170417994,0,-0.189075887,-0.127062697,-0.209574379,0
1/27/20 0:00,0.193104535,-0.205156557,-0.347025062,-0.183568642,0.193104774,-0.146625669,-0.574535754
1/28/20 0:00,-0.046410935,0,-0.955366337,-0.129469441,0.315676028,-0.330158219,0
1/29/20 0:00,-0.492635071,-0.314974903,-0.999854833,0,0,-0.11711636,-0.367322415
1/30/20 0:00,0,-0.155919512,0,0,0.012431836,-0.185088663,0.16753398
1/31/20 0:00,0.115318543,-0.464420227,0,-0.182524633,0.996781945,0.016281951,-0.23852333
2/1/20 0:00,-0.24674045,-0.555292818,0.424232792,-0.211774407,0,-0.410696701,-0.184288077
2/2/20 0:00,0,-0.495970345,-0.06594864,-0.195863128,0,-0.123720478,0
2/3/20 0:00,0.051848486,-0.045226733,0.02813945,-0.178505816,0.255516601,-0.26480698,0
2/4/20 0:00,-0.469269541,-0.177269015,-0.491364823,-0.154242532,-0.009971617,-0.166494783,0
2/5/20 0:00,-0.098752874,-0.280885628,0.035155717,0,-0.986601055,-0.260542289,0
2/6/20 0:00,-0.057492209,-0.036474307,-0.080764638,-0.161518927,-0.07342639,-0.223407461,0.875222057
2/7/20 0:00,0.033223862,-0.196539479,0,-0.164473082,-0.160644146,-0.416299177,0
2/8/20 0:00,-0.617288411,-0.242387474,-0.111862604,-0.117102113,0,-0.037846072,0.396105478
2/9/20 0:00,0.117257618,0.10044665,-0.466156978,-0.155640491,0.212702433,-0.133199362,0.241545627
2/10/20 0:00,-0.001428446,0.040213781,-0.572023207,0,0.024580359,-0.088942776,0.235852301
2/11/20 0:00,-0.069472772,-0.041775469,-0.015205195,-0.168444802,0.100270271,-0.061471232,0
2/12/20 0:00,0.181440562,-0.345150234,0.006753266,-0.169152908,0,-0.212417362,0.004031137
2/13/20 0:00,0.222290555,-0.265432691,-0.160864112,-0.152735217,0.201445758,-0.369025466,-0.260308385
2/14/20 0:00,-0.054384021,-0.160994548,-0.404565232,-0.161912206,-0.21311345,-0.03169978,-0.441182725
2/15/20 0:00,0.027609555,-0.184126175,-0.283136588,-0.109923997,0.398736313,-0.119871466,0
2/16/20 0:00,0.003531963,-0.086973309,0.070766045,-0.153312695,-0.002849698,-0.181033868,0
2/17/20 0:00,0,-0.201871715,-0.345034039,-0.137311852,0,-0.189623655,0
2/18/20 0:00,-0.153151831,-0.129663922,-0.039826294,-0.1859068,-0.159641561,-0.037037883,-0.805624127
2/19/20 0:00,0.013202139,-0.327479651,-0.136400665,-0.121766112,-0.512794042,-0.132830511,0
2/20/20 0:00,0.177061996,-0.152824589,-0.240589289,0,0.00696148,0,-0.24638386
2/21/20 0:00,0.132494339,-0.125151514,-0.336487452,-0.136942601,-0.493005577,-0.067997982,-0.126276184
2/22/20 0:00,-0.048413239,-0.189093416,-0.179358971,-0.111171069,-0.028527886,-0.302227878,0
2/23/20 0:00,-0.108018057,-0.24066899,0,0,-0.291669749,0.008766887,-0.34351876
2/24/20 0:00,0,-0.242470815,0.104033583,-0.253676123,-0.716564834,-0.194472751,-0.159478808
2/25/20 0:00,-0.21303419,-0.180051267,0.204787981,-0.248616806,-0.021942386,-0.253735026,-0.301427448
2/26/20 0:00,0.363027742,-0.283129853,-0.578399771,-0.240854853,-0.64713988,-0.218655722,0.184018681
2/27/20 0:00,-0.541463651,-0.206233301,-0.001624801,-0.22649957,-0.806125075,-0.30202481,-0.359024305
2/28/20 0:00,-0.181902621,-0.300358202,-0.721747049,-0.288666068,-0.152580237,-0.39334934,-0.034481333
2/29/20 0:00,-0.130581694,-0.061261202,0,-0.228971995,-0.246772775,-0.442400956,0.466788605
3/1/20 0:00,-0.60672093,-0.38138491,-0.444682896,-0.265826537,-0.347384286,-0.549719672,-0.328916376
3/2/20 0:00,-0.398144883,-0.437514733,-0.38029312,-0.244668995,-0.203141975,-0.318136955,-0.143235467
3/3/20 0:00,0.924779216,-0.13342762,-0.290383273,-0.243143457,-0.120020524,-0.146041044,-0.20324666
3/4/20 0:00,-0.436361015,-0.193391493,-0.136297989,-0.219595735,0,-0.296071725,-0.364587946
3/5/20 0:00,-0.097241459,-0.22422376,0.126103682,-0.201747421,-0.488933533,-0.270957578,-0.718982559
3/6/20 0:00,-0.038370726,-0.073927837,-0.638470794,-0.227689547,0.102352425,-0.452700093,-0.055595865
3/7/20 0:00,-0.384138781,-0.345476368,0.320397725,-0.213753058,-0.189504269,-0.116447797,0.092128383
3/8/20 0:00,-0.334001233,-0.36393581,-0.168227116,-0.268914514,-0.11398032,-0.176385047,-0.247298259
3/9/20 0:00,-0.489168233,-0.273661981,-0.250277357,-0.273720688,-0.130037906,-0.123832333,0.045412955
3/10/20 0:00,-0.15182072,-0.200347764,-0.179342529,-0.208392196,0.372303449,-0.247815159,-0.479762598
3/11/20 0:00,-0.245264834,-0.246803467,-0.231431716,0,-0.436901348,-0.223665178,-0.129296635
3/12/20 0:00,-0.231318397,-0.286344611,0.006139293,-0.289816989,-0.166157051,-0.336980865,-0.231144775
3/13/20 0:00,0.137775683,-0.348881633,-0.35760732,-0.28295326,0.131365207,-0.175211696,-0.288287835
3/14/20 0:00,-0.184967649,-0.431992589,-0.186384688,-0.253394545,-0.227174209,-0.233549931,-0.369170973
3/15/20 0:00,-0.03782884,-0.401190887,-0.440817401,0,-0.227036544,-0.228724914,-0.29688426
3/16/20 0:00,0,0,-0.213056271,0,0,-0.264890341,-0.413545553
3/17/20 0:00,0.132427243,0,-0.060468316,0,-0.143697155,-0.317487268,0.075916973
3/18/20 0:00,0.089768555,-0.291843217,-0.544780622,0,0,0,-0.646158286
3/19/20 0:00,-0.007653305,0,-0.551838761,0,-0.099670221,-0.31294077,-0.318848362
3/20/20 0:00,-0.275796793,-0.389100816,-0.276735458,-0.275967424,-0.330783254,-0.134480757,-0.151663535
3/21/20 0:00,-0.503441766,-0.39473047,-0.097136427,-0.279518786,0.549199356,-0.275269488,-0.730759919
3/22/20 0:00,-0.343647149,-0.339468558,-0.053927417,-0.296163801,-0.54055469,0.075292527,-0.215344453
3/23/20 0:00,-0.286300927,-0.339463959,-0.269008479,0,-0.403495188,-0.295551057,-0.457134814
3/24/20 0:00,0.06532934,-0.291256499,-0.325339353,-0.266571049,0.002389103,-0.1221815,-0.644005174
3/25/20 0:00,-0.232042118,-0.283627712,-0.343670741,-0.234325449,0.170892767,-0.236104381,-0.480787045
3/26/20 0:00,-0.16562798,-0.24435444,-0.294417481,0,-0.081585878,-0.243656697,-0.559814048
3/27/20 0:00,-0.13297124,-0.247625853,-0.248101133,0,-0.161330693,-0.297898096,-0.676211238
3/28/20 0:00,0.341287895,-0.279600298,-0.41520844,0,0.553049624,0.176218833,0
3/29/20 0:00,-0.503895262,0,0.073433278,0,-0.400003914,-0.395289673,-0.043561586
3/30/20 0:00,0.168894561,-0.334949437,-0.32603892,-0.237788793,0.114919466,-0.08878315,-0.023967062
3/31/20 0:00,0,-0.289765762,0.361786957,0,-0.321399725,-0.265339098,-0.232623744
4/1/20 0:00,-0.190993375,0,-0.032564481,0,0,0,-0.07129285
4/2/20 0:00,-0.346273687,-0.324404715,-0.368946819,-0.272150702,-0.301622141,-0.195913088,-0.281970761
4/3/20 0:00,-0.093166664,-0.282840243,-0.172507144,-0.233078547,-0.285947888,-0.235328794,-0.315581666
4/4/20 0:00,-0.318940576,-0.41728137,0.128798187,0,-0.00470525,-0.408012239,-0.467709661
4/5/20 0:00,-0.567519188,-0.329147634,0.264725835,0,0,-0.263189243,-0.901121514
4/6/20 0:00,-0.306385593,-0.202381136,-0.245738652,0,0.155945579,0.195965681,-0.144589545
4/7/20 0:00,-0.206131672,0,-0.381412786,0,0,-0.25170243,-0.375782861
4/8/20 0:00,-0.309935366,-0.246562204,-0.113248018,0,0.5919906,-0.437608207,-0.261303182
4/9/20 0:00,-0.983542283,-0.220491014,-0.537274498,0,-0.488131512,-0.525043868,-0.084531841
4/10/20 0:00,-0.564436261,-0.403907662,-0.29580404,-0.299947536,-0.363106398,-0.415786486,-0.543455932
4/11/20 0:00,-0.242338753,-0.198110088,-0.460288289,0,0,0.010511838,-0.0967575
4/12/20 0:00,0,-0.41254901,-0.018110109,0,0,-0.365639225,-0.437078779
4/13/20 0:00,-0.301763974,-0.219787775,-0.045635224,0,-0.282101574,0,0
4/14/20 0:00,-0.277505884,0,-0.061611224,0,-0.140934012,0,-0.011678398
4/15/20 0:00,-0.207890338,0,-0.176931294,0,-0.407570758,0,0
4/16/20 0:00,0,-0.361356623,-0.607902218,0,-0.743931651,-0.22494038,0
4/17/20 0:00,-0.285092555,-0.241290339,-0.071639696,0,-0.372763284,0,-0.32092467
4/18/20 0:00,-0.610592504,0,-0.099180881,0,0,-0.535901028,-0.197415361
4/19/20 0:00,-0.07498433,-0.331177337,-0.24268448,0,0.195078158,-0.26821276,-0.233064932
4/20/20 0:00,0.13157776,0,0.036020475,0,0.94455944,-0.196871845,-0.195593089
4/21/20 0:00,-0.271702773,-0.302804891,-0.347551064,0,-0.382738427,0,-0.423069873
4/22/20 0:00,-0.480658288,-0.209670995,-0.133047191,0,0,-0.222189589,-0.308386532
4/23/20 0:00,-0.348658621,-0.163491743,-0.373193905,-0.234146539,0,-0.400401002,-0.998232514
4/24/20 0:00,0.658575902,-0.131606161,-0.00902273,-0.212023034,-0.466701916,-0.111032379,-0.39963143
4/25/20 0:00,-0.234188534,-0.257852761,-0.164736624,0,0,-0.12148195,-0.300282154
4/26/20 0:00,-0.012552038,-0.226818318,-0.931178212,-0.178063216,0,-0.131441289,-0.350242888
4/27/20 0:00,0.238193572,-0.227619402,-0.194933226,0,-0.161557017,-0.269711208,-0.19680887
4/28/20 0:00,-0.311898302,-0.275661109,0.183876834,0,-0.313189066,-0.13215388,-0.235348669
4/29/20 0:00,-0.285059824,-0.073598235,0.249488045,-0.168161823,0.484744415,-0.17986322,0.010270203
4/30/20 0:00,-0.258956536,-0.084050908,-0.214879588,-0.174625052,-0.041255527,-0.124923592,-0.38150403
5/1/20 0:00,-0.487994439,-0.10024641,0.073250288,-0.189671874,-0.072878745,-0.274922742,-0.646363611
5/2/20 0:00,-0.219786786,-0.136681384,-0.08935214,0,0,-0.391757922,-0.506138285
5/3/20 0:00,-0.012151888,-0.122855304,-0.60904963,-0.199340471,-0.22595068,-0.250151698,0
5/4/20 0:00,-0.201546031,-0.045336495,-0.244912608,-0.110754247,-0.027253557,0.006134298,0.433700954
5/5/20 0:00,-0.377540291,0,-0.408447419,0,-0.246282085,0,0.209456604
5/6/20 0:00,-0.318720015,-0.224643498,-0.096249943,0,-0.157904748,-0.376918594,-0.592731873
5/7/20 0:00,-0.015528245,-0.129642995,-0.218020147,0,0.40810415,0.018428097,-0.397673875
5/8/20 0:00,0.34301915,0,-0.121410799,-0.184939597,0.345567152,-0.0755743,-0.298416893
5/9/20 0:00,0.47020645,-0.090110701,-0.997574349,-0.191985626,0,-0.262339587,0
5/10/20 0:00,-0.413509914,-0.285470549,-0.380197292,-0.216646658,0,-0.420396436,0
5/11/20 0:00,-0.239042168,0,-0.17282594,0,0,0,0
5/12/20 0:00,0.094237853,-0.143948215,-0.201886859,0,0,-0.008594941,-0.483055454
5/13/20 0:00,-0.053449992,-0.194322224,-0.29908935,-0.159410905,-0.345247588,-0.077427213,-0.745224663
5/14/20 0:00,0.322887842,-0.10030802,-0.085997899,-0.157250072,-0.18153102,-0.239618732,-0.417299918
5/15/20 0:00,0.048220721,0,0.058822549,0,-0.775528103,-0.344851299,-0.921644608
5/16/20 0:00,-0.091352524,0,-0.135254681,0,-0.102830968,-0.442589654,0
5/17/20 0:00,-0.086476217,-0.426919451,0.367655714,-0.195823131,0,-0.573541508,0
5/18/20 0:00,-0.211085531,-0.109575605,-0.197307558,-0.100049163,-0.029790489,-0.168387981,-0.908909559
5/19/20 0:00,-0.28613875,-0.067609762,-0.014053693,-0.186368009,0.14315435,0.143865184,-0.319645909
5/20/20 0:00,0.417217523,-0.047133164,-0.379307917,-0.12753694,-0.30654348,-0.453658061,0
5/21/20 0:00,-0.261033494,0,-0.42273585,-0.097467094,0.437217986,0.119017906,-0.08864137
5/22/20 0:00,-0.983309368,0,-0.304857229,0,0,-0.114989434,0.337579858
5/23/20 0:00,0.651336869,-0.023419878,-0.014837722,-0.137909487,-0.409070244,-0.339684314,0.169166963
5/24/20 0:00,-0.110787735,-0.287618467,0.246996659,-0.10225232,-0.564218915,-0.26629287,-0.502646548
5/25/20 0:00,0.18356111,-0.156831035,-0.208609068,-0.135981927,0.305999522,0.026310766,-0.146505912
5/26/20 0:00,0,-0.070237275,0.107136046,-0.135223707,-0.127506191,-0.288287009,-0.081463844
5/27/20 0:00,-0.109249039,-0.056664233,-0.211387627,-0.173042884,-0.234594358,-0.230893024,-0.295853714
5/28/20 0:00,0.162231126,0.026192796,0,0,0.178291148,-0.165152998,-0.4624994
5/29/20 0:00,0.174598236,-0.104563878,-0.011580713,0,0.299796216,-0.520784765,0
5/30/20 0:00,-0.470144925,0.077359507,0,-0.059869032,0,-0.060138881,0
5/31/20 0:00,0,-0.167799494,0.177182342,0,0,-0.165009598,0
6/1/20 0:00,0.664413416,-0.090572702,-0.022792123,0,-0.023263595,-0.293234343,-0.356040027
6/2/20 0:00,-0.384290688,-0.115651348,0.066789171,0,0.997022986,-0.242632586,-0.617996146
6/3/20 0:00,-0.114877775,0,0.125512153,0,-0.032603054,0,-0.035174582
6/4/20 0:00,-0.16754669,0.125644399,0.353188868,0,0,-0.030173002,0.241997115
6/5/20 0:00,-0.010662505,0,-0.112366963,0,0.213948596,0,-0.175717155
6/6/20 0:00,0.001733202,0.041962841,-0.013226039,-0.083404017,0,-0.419396639,-0.440935661
6/7/20 0:00,0,0.192231073,0,-0.061566713,0.014438256,0.194031087,0
6/8/20 0:00,-0.143080568,0,-0.475685814,0,-0.311411786,-0.111929455,-0.298535599
6/9/20 0:00,0,0,-0.034846196,0,-0.429059088,-0.160149016,0
6/10/20 0:00,-0.2489817,0,-0.805236578,0,0.207941319,0,-0.280718025
6/11/20 0:00,-0.03739845,0,0.362663214,0,-0.435815702,0,-0.469780602
6/12/20 0:00,-0.007782736,0,-0.198529783,0,-0.069024261,0,-0.51133433
6/13/20 0:00,0.209539473,-0.063362189,-0.441884667,0,0,0,-0.287859786
6/14/20 0:00,-0.317799712,-0.329929093,-0.367939626,0,-0.359529754,-0.323392684,-0.340779096
6/15/20 0:00,0.143353067,0,0.019484301,0,-0.285992761,0,0
6/16/20 0:00,-0.066323508,-0.240261102,-0.299407887,0,0,-0.188901823,0
6/17/20 0:00,0.153251197,0,-0.101354103,0,-0.299559087,-0.173410608,0
6/18/20 0:00,0,-0.210727724,-0.13027072,0,-0.762583012,0,-0.391076236
6/19/20 0:00,-0.436205341,0,-0.082476769,0,0.028458136,-0.198232608,-0.099132567
6/20/20 0:00,0.07502308,-0.208306662,0.045505134,0,-0.615180403,-0.162791028,-0.212043577
6/21/20 0:00,0.198289886,0,0.1847864,-0.169886523,-0.144941843,-0.063817527,0
6/22/20 0:00,0.150270962,0.028408502,0.342687219,0,0,0.185955354,0
6/23/20 0:00,0.078270872,0,-0.015327857,0,-0.125217543,-0.346937322,-0.661952317
6/24/20 0:00,-0.226223739,-0.174478365,-0.429299178,0,0,-0.243895178,0.205118112
6/25/20 0:00,0.260098558,-0.169500594,-0.419777942,-0.166339742,-0.444836623,-0.351416201,-0.385355583
6/26/20 0:00,0,0,0.016380903,0,-0.0384247,-0.208918148,-0.000318632
6/27/20 0:00,-0.552105731,-0.04581141,-0.105186179,0,0,-0.161980161,0
6/28/20 0:00,-0.2373733,0.21159077,-0.564451098,0,0,0.40967026,0
6/29/20 0:00,0,-0.001657227,-0.54035223,0,-0.697880507,0,-0.189537329
6/30/20 0:00,-0.595810652,0,-0.251823468,0,0.09028244,-0.034420581,0.380450748
7/1/20 0:00,-0.54315153,-0.140507225,-0.208477583,-0.167523087,-0.065951563,-0.205913079,-0.730335489
7/2/20 0:00,0.038389325,-0.082216036,0.074958182,0.012268483,0.039594495,-0.142702549,0
7/3/20 0:00,0.069622601,0,-0.710245245,0,-0.147401449,-0.165390436,0
7/4/20 0:00,0.126400098,-0.230060803,-0.456563341,-0.121288824,0.32826026,-0.084257381,0
7/5/20 0:00,0.467151688,0,0,0,-0.126208541,-0.21502047,0.583977962
7/6/20 0:00,-0.433320474,-0.124121404,0.045466006,0,0,0,-0.294509868
7/7/20 0:00,-0.218727899,0.03593249,0.058978493,0,-0.310575598,0,0
7/8/20 0:00,-0.304634816,-0.25540359,-0.418346776,0,-0.239068915,0,0.053691506
7/9/20 0:00,-0.067651202,0,-0.455536134,0,-0.902968779,-0.190236054,-0.160170348
7/10/20 0:00,-0.029576652,-0.123088924,0.105960432,-0.14448916,0.307966508,-0.26518664,0.0164226
7/11/20 0:00,-0.24638718,-0.224398053,-0.080598908,-0.124599862,-0.999416202,0,-0.123098241
7/12/20 0:00,-0.097988051,-0.140244753,0.074828887,-0.069537874,0,0,-0.175755735
7/13/20 0:00,0.110463381,-0.108736356,-0.449866457,0,0,-0.201826795,0.511659185
7/14/20 0:00,-0.046185851,0,-0.225977389,0,0,0,0.068789458
7/15/20 0:00,0,0,0.229936443,0,0.147389716,0,0
7/16/20 0:00,-0.017944159,-0.177837916,0.122492853,-0.139110783,-0.211837654,-0.109706443,-0.098924418
7/17/20 0:00,-0.263340159,-0.01892024,0.32457451,-0.117382119,-0.999857515,-0.131347652,0
7/18/20 0:00,-0.366924097,-0.233907713,0,0,-0.143967879,-0.258049514,-0.362505404
7/19/20 0:00,0.179645926,-0.145644421,0.742838442,0,0.157596987,0.000607371,0.184728241
7/20/20 0:00,0.278639173,-0.235219584,-0.130265178,0,-0.159213445,0,-0.370422997
7/21/20 0:00,0,0,-0.610629167,0,-0.35788806,0,-0.382566026
7/22/20 0:00,0.10689644,0,-0.558931565,0,0.146011656,0,-0.505914207
7/23/20 0:00,0.19446293,0,0,0,0.330542116,0,-0.073443902
7/24/20 0:00,0,0,-0.641453101,0,-0.997066408,0,0.143205787
7/25/20 0:00,0.019673824,-0.027836134,0.162634869,0,-0.351129485,-0.31308217,-0.583007813
7/26/20 0:00,-0.09580693,-0.332071897,0.092125283,-0.094965821,0,-0.23595694,0
7/27/20 0:00,-0.09551643,-0.087603036,-0.05279034,-0.158547391,-0.040495105,-0.280230524,-0.99508068
7/28/20 0:00,-0.273742076,-0.059904216,0.548684072,-0.086336318,0.035604169,-0.24378159,0.858863056
7/29/20 0:00,0.180664569,-0.28072901,-0.820751743,0,-0.746715248,-0.439836684,0.496270263
7/30/20 0:00,-0.343406953,-0.020426743,0.051446539,-0.115931037,-0.491927047,-0.323251404,0
7/31/20 0:00,-0.393759494,-0.169691153,-0.207558771,-0.12106611,0,-0.091083614,0
8/1/20 0:00,-0.312689104,-0.106151631,0.03415721,-0.165322125,0,-0.265963698,-0.048568239
8/2/20 0:00,-0.184033745,-0.272849618,-0.112568124,-0.176274692,0,-0.066309589,0.062474847
8/3/20 0:00,-0.24505049,-0.012348188,-0.012334045,-0.085831117,0,0.002942361,-0.145090599
8/4/20 0:00,0.181876629,-0.164925609,0.467940181,0,0.436894909,0.02652077,0.087608826
8/5/20 0:00,0.3232344,-0.068061755,-0.165035304,-0.077866564,-0.381077246,-0.122123696,-0.295505434
8/6/20 0:00,-0.213965138,-0.015387749,-0.706043358,-0.09945705,0.058145916,-0.049707441,0.183974708
8/7/20 0:00,0.194743285,0.021227916,-0.237302964,-0.107604567,0.11945199,-0.325518732,-0.187240517
8/8/20 0:00,-0.101412702,0.079497972,-0.570339894,0,-0.072888136,-0.0547973,0
8/9/20 0:00,0.131341849,-0.01211248,-0.020240229,-0.143742848,0,-0.430127501,0
8/10/20 0:00,0.121411005,-0.101671524,0.024653391,-0.097702602,0.417307352,-0.096114579,-0.091775782
8/11/20 0:00,-0.008138371,-0.095278993,0.123295395,-0.202950734,0,-0.484891548,0.060477716
8/12/20 0:00,-0.344363484,-0.300978297,-0.141014067,-0.173182709,-0.60573868,-0.257882487,-0.449586908
8/13/20 0:00,-0.263952873,-0.244503521,-0.393929755,-0.130498593,-0.000519222,-0.334730501,-0.868082428
8/14/20 0:00,0,-0.198576735,-0.195424093,-0.17668543,-0.216986437,-0.02649897,-0.074162262
8/15/20 0:00,-0.178802628,-0.134407286,-0.145122619,-0.148323851,-0.101799276,-0.343190572,-0.130360238
8/16/20 0:00,-0.106866472,-0.143249807,0.192470043,-0.088734486,0,-0.15296075,-0.117660188
8/17/20 0:00,0.091317436,-0.104161079,-0.249226099,-0.108359962,-0.028321018,-0.018775723,-0.764623218
8/18/20 0:00,-0.025704098,-0.223706883,-0.467707159,-0.131234299,-0.022075694,-0.073369715,-0.497929167
8/19/20 0:00,-0.21026057,0,-0.158811567,0,0.340000055,0.014728147,0.385779401
8/20/20 0:00,0.296952258,-0.107954017,-0.466006905,-0.171681111,0,-0.262135049,-0.529838979
8/21/20 0:00,0.206925113,-0.160288726,-0.594329536,-0.143094117,0.17939955,-0.159549208,-0.277509212
8/22/20 0:00,-0.018063415,-0.099392979,-0.486469058,-0.129131079,0.168616367,-0.098746817,0.073509321
8/23/20 0:00,-0.158037847,-0.09665149,-0.605729636,-0.149774211,-0.543413377,-0.14639947,0.511189856
8/24/20 0:00,0.240175684,-0.285802934,-0.062140276,0,0,-0.049841754,0.194549779
8/25/20 0:00,-0.128447749,-0.239617151,-0.073257253,0,0.031497788,-0.285524687,-0.549615977
8/26/20 0:00,0.146920476,-0.038097926,0.275659486,-0.058631763,-0.935844076,-0.142734909,-0.464806557
8/27/20 0:00,0.275823517,0,0,-0.108819441,0,-0.135717344,-0.803100398
8/28/20 0:00,0.20132079,0.019718379,0,0,0,-0.185033176,0.210955712
8/29/20 0:00,0.01181794,-0.015191055,-0.319933261,0,0,-0.220297905,0.061925654
8/30/20 0:00,0.265733367,-0.208774262,-0.223165274,-0.150065021,0.040575236,-0.16017887,0.155803151
8/31/20 0:00,-0.298058728,-0.127190334,0.457201412,-0.104479125,0.054590742,-0.154242565,-0.285152905
9/1/20 0:00,0.165870353,0.016628384,-0.131846491,0,0,0,-0.488591386
9/2/20 0:00,-0.435828582,-0.070427566,0.397788651,-0.149933686,0.03308364,0,0
9/3/20 0:00,-0.047288744,-0.03148535,-0.06733772,-0.136581157,-0.117351078,-0.205810561,-0.361545627
9/4/20 0:00,0.092854206,-0.168949953,-0.633795812,0,-0.018562639,0,-0.099700904
9/5/20 0:00,0.109949744,-0.349635973,-0.353453414,0,0.07633957,-0.387677642,-0.945450497
9/6/20 0:00,0,-0.27730617,-0.328112851,-0.145952347,0,0,-0.438025615
9/7/20 0:00,0.236377442,-0.007057282,-0.37980875,-0.162792763,0.479950262,-0.343874954,-0.041456103
9/8/20 0:00,0.023096058,-0.228449803,0.003422533,-0.106513062,-0.129877016,-0.204718063,-0.250214713
9/9/20 0:00,-0.264579781,-0.205317599,-0.422623209,-0.068748572,-0.761584789,-0.262514002,-0.158381623
9/10/20 0:00,-0.417329133,-0.211373706,-0.484517749,-0.153300618,-0.288367685,-0.180250697,-0.606962129
9/11/20 0:00,-0.129470372,-0.061345629,-0.236847327,0,-0.161361724,-0.050211836,-0.219288202
9/12/20 0:00,-0.179381505,-0.16600973,0,0,0,-0.179507358,0
9/13/20 0:00,0.045607513,0,-0.127290291,0,0,-0.160550019,-0.219630606
9/14/20 0:00,0.035334339,-0.110131682,0,0,0,-0.037732613,-0.083528087
9/15/20 0:00,0.089361245,0,-0.112325013,0,0.108839443,-0.226083141,-0.58559624
9/16/20 0:00,-0.193314654,-0.163772854,-0.059268415,-0.16545807,0.128229919,-0.158005192,-0.158535402
9/17/20 0:00,-0.217065008,0.007148054,0.252942752,0,0.12218026,-0.067102814,0.93162933
9/18/20 0:00,0,0.035868116,-0.444509506,0,-0.033042535,-0.078562532,0
9/19/20 0:00,0.185381868,-0.178076167,0.077721974,-0.150826092,-0.21413154,-0.253915815,-0.084858019
9/20/20 0:00,-0.93307507,-0.249553397,-0.218636823,-0.179416965,0,-0.059026086,-0.476155173
9/21/20 0:00,0.150945384,-0.18408429,-0.09195146,-0.156100078,0.039126723,-0.152963505,-0.219966784
9/22/20 0:00,-0.224884006,0.021799456,-0.129008991,-0.136351055,0,-0.184833402,-0.139218086
9/23/20 0:00,-0.06196553,-0.273725363,0.091406192,-0.121448302,-0.232732066,-0.1319524,-0.965580923
9/24/20 0:00,-0.109280584,-0.077979974,0.389518352,0,-0.565460896,-0.218876316,-0.323103249
9/25/20 0:00,-0.244827106,-0.039287545,-0.380134956,-0.150386405,0,-0.348197483,0
9/26/20 0:00,0,-0.380850873,-0.458327154,-0.155076453,-0.356429526,-0.087921283,0.029274278
9/27/20 0:00,0.171121985,-0.224297146,0.405748156,-0.125389208,0,0.086450431,-0.375582033
9/28/20 0:00,-0.117664414,0,0,-0.128816131,0,-0.235401326,0
9/29/20 0:00,0.015698706,-0.128308431,-0.274741167,-0.121044156,-0.129997107,-0.013287931,-0.613075173
9/30/20 0:00,0.220439709,-0.078698841,-0.617108487,-0.126822119,-0.168818372,0,0.08519688
10/1/20 0:00,-0.05929311,-0.159785057,0,0,0,-0.152554787,-0.14033977
10/2/20 0:00,-0.277252994,0.100527823,0,0,-0.151236052,-0.098599214,-0.180345396
10/3/20 0:00,-0.340230167,0.021407445,0.060762269,-0.113664917,-0.678714653,-0.010070001,0
10/4/20 0:00,-0.035909951,0.258482776,-0.997967323,-0.004113556,0.140691439,0.332199955,0
10/5/20 0:00,-0.042567677,0.068830625,-0.030331541,0,-0.071404139,0.031647408,0.088273759
10/6/20 0:00,-0.259759719,-0.115477292,-0.149406678,-0.143577934,0.069203779,-0.205337756,0
10/7/20 0:00,0.002605852,-0.159801985,-0.172947276,-0.130319397,-0.612113601,0.00615673,0.676037959
10/8/20 0:00,0.271052978,-0.010904096,-0.43961824,-0.089967548,0.074365865,-0.115420497,-0.603504902
10/9/20 0:00,-0.438672943,-0.061287417,-0.803923547,-0.107913508,-0.803134054,0.00474892,0.099320292
10/10/20 0:00,-0.190978789,-0.121904846,-0.211451322,-0.082555157,-0.015004055,-0.093742683,0
10/11/20 0:00,-0.329002825,-0.191540283,-0.448194996,-0.148013554,0.078161724,-0.223491112,-0.125383357
10/12/20 0:00,-0.185453283,0.005570431,-0.525415637,-0.13923474,0,-0.273256798,0.87813288
10/13/20 0:00,0.227263984,0.066760302,-0.244446802,-0.086890896,0,0,0
10/14/20 0:00,-0.212139072,0.00695877,0,-0.113761105,-0.11266931,-0.168078348,-0.214662457
10/15/20 0:00,0.207124217,0.075900523,-0.037018828,-0.114918543,-0.063928922,-0.197336642,-0.995335221
10/16/20 0:00,-0.079701996,-0.055140138,-0.312004847,-0.102465256,0.377122409,-0.247212492,0
10/17/20 0:00,-0.051484066,0.10437916,0.182499969,-0.102660783,0,-0.056289376,0
10/18/20 0:00,-0.007262221,-0.054245276,0,-0.078861238,-0.007262182,-0.017965412,-0.065243202
10/19/20 0:00,-0.116277754,-0.171926996,0,-0.055052386,0,0.220408864,0
10/20/20 0:00,-0.180611507,-0.113627346,0,-0.110427691,-0.197867587,-0.136152876,-0.062139263
10/21/20 0:00,0.205297496,-0.112147477,0.064366587,-0.103274782,0,-0.21469368,-0.620661268
10/22/20 0:00,-0.174676138,0.036100015,-0.187128327,-0.106822764,0,-0.225707397,-0.363767767
10/23/20 0:00,-0.458753662,-0.120034004,-0.141529198,-0.125912473,0.321750244,-0.151819561,0.012758285
10/24/20 0:00,0,0.019543496,-0.318617873,0.033898267,0,-0.215941519,-0.476558208
10/25/20 0:00,0,0.334204907,0,0.099573868,0.192828447,-0.024876871,0
10/26/20 0:00,0.149395392,-0.057194922,0.509347999,-0.013371416,0.530115268,-0.02541066,-0.471572396
10/27/20 0:00,-0.107654779,-0.240992066,-0.068068355,-0.055630627,-0.17089298,-0.075099153,0
10/28/20 0:00,-0.27465868,0.038133386,0.152715147,-0.146829167,0.523339111,-0.019359445,0
10/29/20 0:00,-0.439303699,-0.137502348,-0.376169493,-0.1400064,0,-0.176051638,-0.089977696
10/30/20 0:00,-0.035831627,-0.152980226,-0.069428259,0,-0.532822187,-0.122274837,-0.422470053
10/31/20 0:00,-0.030210399,-0.222946776,0,-0.109821653,-0.159094137,-0.093578795,0.044910097
11/1/20 0:00,0.234054419,-0.285479632,0,-0.178898655,0.348131259,-0.364020318,0.588151515
11/2/20 0:00,-0.051825671,-0.124064597,0.01103328,-0.10165835,0,-0.01010552,0
11/3/20 0:00,0.480083691,-0.10748407,-0.414111315,-0.033749992,0,-0.266407099,0.628131568
11/4/20 0:00,-0.197433787,0.199258794,0,-0.118652816,0,-0.154550613,0.065370826
11/5/20 0:00,0.872078478,0,0,0.291602918,0,0.43857262,0
11/6/20 0:00,0,-0.213254327,0,-0.160267245,-0.580485833,0.032538424,0
11/7/20 0:00,0,-0.077399861,0.397375106,0,0.136795947,-0.025141966,0
11/8/20 0:00,0.093259205,0.167175906,-0.120743445,-0.040951336,0.675925255,-0.013996503,-0.30427447
11/9/20 0:00,0.221370748,-0.088261183,0.278689516,-0.065004774,-0.568578317,0.234021451,0
11/10/20 0:00,-0.958693053,-0.147155782,0.041433423,-0.097387392,0,-0.293690259,0
11/11/20 0:00,-0.207607669,0,0,-0.130500308,0,-0.097751032,0.365947621
11/12/20 0:00,-0.053662272,-0.038390118,-0.132256497,-0.077240349,0.435904377,-0.128112144,0.052994976
11/13/20 0:00,-0.386425057,-0.104120596,0.310361193,0,-0.161802927,-0.253965931,-0.143408095
11/14/20 0:00,0,-0.131410534,-0.106707153,-0.103431574,-0.200900481,-0.181724232,0
11/15/20 0:00,-0.044141752,0.006288051,0,-0.059866699,-0.142179787,0.095916852,0
11/16/20 0:00,0.123039125,-0.137984883,0.060873591,0,-0.41204682,0,-0.096139137
11/17/20 0:00,0.042263206,-0.102400926,0.994095325,0,0.27483915,0,0
11/18/20 0:00,0.17103477,0,-0.068767487,0,0,-0.160600969,0.175370296
11/19/20 0:00,-0.008205246,-0.113493423,-0.15840492,0,0,-0.215527275,-0.277981694
11/20/20 0:00,0.042767578,-0.056727685,-0.244264096,0,-0.003563523,0.098860076,-0.058943491
11/21/20 0:00,0.023380919,-0.087406932,0.516256369,-0.030295891,0,-0.043578504,0.107365295
11/22/20 0:00,-0.116394355,-0.05161626,-0.299134056,-0.111513557,-0.632432141,-0.279106247,-0.107144457
11/23/20 0:00,0.049391023,0.045888059,-0.105182886,0,-0.037455782,0.012425235,-0.196970518
11/24/20 0:00,0.294589643,0.048770465,0.005123941,-0.043491106,0.414722641,0.035980019,-0.04451409
11/25/20 0:00,0.053656919,-0.05545208,-0.100514675,-0.086164639,-0.098290803,-0.211573391,-0.27709174
11/26/20 0:00,0.469054785,0.076134467,-0.159205396,-0.032553001,0.042370325,-0.150275483,0.468694308
11/27/20 0:00,0.320342638,-0.079339316,-0.070193941,-0.096185905,-0.731784887,0,-0.595219102
11/28/20 0:00,0.027637742,-0.067035485,-0.223005981,0,0.051265431,-0.050358118,0
11/29/20 0:00,0.514797211,-0.040766495,-0.236664233,-0.129374824,0,-0.097464528,-0.234301399
11/30/20 0:00,0.160307845,0.033589213,-0.456790686,-0.090278387,-0.622044236,-0.188019366,0.247936071
12/1/20 0:00,0.255169555,0.034681284,-0.178026653,-0.073818248,-0.243035613,-0.125083599,0.001726842
12/2/20 0:00,0.120890319,-0.215418704,0.121192569,-0.063561014,0.156982261,-0.110203768,-0.26359485
12/3/20 0:00,0,-0.015357263,0.263031904,-0.076058754,-0.512341152,-0.174572986,-0.182068285
12/4/20 0:00,-0.068680767,-0.070924244,0.179193601,0,-0.222177665,-0.094517639,-0.090962052
12/5/20 0:00,0.047076168,0,0.0711552,0,0.207432017,-0.24697484,0.00609073
12/6/20 0:00,0.527758922,-0.110558399,0.473577902,-0.120341268,-0.09615934,-0.162776302,-0.533573025
12/7/20 0:00,0.013517584,-0.049853404,0.133269095,-0.037756655,0.185517999,-0.264592968,0.027552886
12/8/20 0:00,-0.197138989,0.023676708,-0.051390471,-0.01043914,-0.837258796,-0.074616883,-0.331689688
12/9/20 0:00,0.01415951,-0.092061212,-0.374285102,0,-0.48225421,-0.296815318,-0.25765603
12/10/20 0:00,-0.238457894,-0.124139969,-0.476822674,0,0.28746306,-0.11921245,-0.183461149
12/11/20 0:00,-0.228455386,-0.145119708,0.129740231,-0.083286596,-0.009957172,-0.28550575,-0.244740146
12/12/20 0:00,0.126395487,0.010832632,-0.430178923,-0.079923018,-0.84492588,-0.075606943,0.009354557
12/13/20 0:00,-0.16330967,0.010391342,0.17938434,-0.072247887,0,-0.070725895,-0.086735046
12/14/20 0:00,-0.089330522,0.019875087,0.416919381,-0.066099239,0.214098189,-0.203504124,-0.315497509
12/15/20 0:00,0.364032135,0.074099744,0.122165362,-0.093293609,-0.462676577,-0.059434153,-0.373964536
12/16/20 0:00,0.048731992,0.044209788,0.453893949,0,0.16387719,-0.088787037,0.051410583
12/17/20 0:00,0.013099739,0,-0.211950839,0,0,0,-0.233270335
12/18/20 0:00,0.375900603,0,0,0,-0.2541358,0,-0.354290433
12/19/20 0:00,0.098328484,0,-0.183074902,0,0,0,0.200782594
12/20/20 0:00,-0.092158139,-0.150674931,-0.266221399,-0.137917536,-0.187402951,-0.260999198,-0.454464063
12/21/20 0:00,0.038830663,0.023704527,0.210090783,-0.070042764,-0.224795669,-0.230368467,-0.274288445
12/22/20 0:00,-0.05690583,-0.004764473,-0.194429855,-0.10485421,0.117550779,-0.122505536,-0.367385765
12/23/20 0:00,-0.067197351,-0.095708375,-0.008644836,-0.086617017,-0.243955463,0.01264236,-0.544772502
12/24/20 0:00,0.378374683,0.076573226,-0.16572545,-0.040169444,-0.004932746,0.081560481,-0.394377478
12/25/20 0:00,-0.225839986,0.049329453,-0.302875155,-0.056602409,0.002805249,-0.103434846,0.156075299
12/26/20 0:00,0.069049567,0.050917698,0,-0.013633039,-0.903427601,-0.121509078,0
12/27/20 0:00,0.076727375,0.000654782,-0.202347298,-0.012237656,0.364895686,0,-0.082312714
12/28/20 0:00,-0.116971257,0.026448046,-0.183557026,-0.080723315,0.360564028,-0.363197417,-0.394005354
12/29/20 0:00,-0.250656113,-0.042254064,-0.066587161,-0.051094692,-0.278830395,0.097420466,-0.13722719
12/30/20 0:00,-0.158359481,0.104629502,-0.424582758,-0.046402968,-0.320612057,-0.058040605,-0.093599218
12/31/20 0:00,-0.332290391,-0.08802482,-0.348859092,-0.103285684,-0.525471274,-0.155419221,-0.269514533